{
  "holdout_states": 12,
  "mae": 0.05814735094706217,
  "mae_max": 0.1,
  "max_abs_error": 0.17136676609516144,
  "passed": true
}